Name,Class
2007_000032,aeroplane
2007_000032,person
2007_000033,aeroplane
2007_000039,tvmonitor
2007_000042,train
2007_000061,boat
2007_000063,chair
2007_000063,dog
2007_000068,bird
2007_000121,tvmonitor
2007_000123,train
2007_000129,bicycle
2007_000129,person
2007_000170,bottle
2007_000170,person
2007_000175,sheep
2007_000187,tvmonitor
2007_000241,boat
2007_000243,aeroplane
2007_000250,bottle
2007_000250,diningtable
2007_000256,aeroplane
2007_000323,person
2007_000332,horse
2007_000333,train
2007_000346,bottle
2007_000346,person
2007_000363,bird
2007_000364,motorbike
2007_000364,person
2007_000392,horse
2007_000392,person
2007_000452,chair
2007_000452,sofa
2007_000464,cow
2007_000480,aeroplane
2007_000480,person
2007_000491,cow
2007_000504,cow
2007_000504,person
2007_000515,bicycle
2007_000515,car
2007_000515,person
2007_000528,cat
2007_000529,boat
2007_000529,car
2007_000549,cat
2007_000559,bottle
2007_000559,tvmonitor
2007_000572,bicycle
2007_000584,bicycle
2007_000584,sofa
2007_000629,person
2007_000629,train
2007_000636,train
2007_000645,bird
2007_000648,aeroplane
2007_000648,bus
2007_000648,car
2007_000648,person
2007_000661,chair
2007_000661,pottedplant
2007_000661,sofa
2007_000663,bus
2007_000663,car
2007_000676,sheep
2007_000713,boat
2007_000720,dog
2007_000727,bus
2007_000727,car
2007_000727,person
2007_000733,motorbike
2007_000733,person
2007_000738,aeroplane
2007_000762,bottle
2007_000762,diningtable
2007_000762,person
2007_000768,bus
2007_000783,horse
2007_000783,person
2007_000793,bicycle
2007_000793,bus
2007_000793,person
2007_000799,horse
2007_000799,person
2007_000804,chair
2007_000804,sofa
2007_000822,motorbike
2007_000830,chair
2007_000830,diningtable
2007_000836,horse
2007_000836,person
2007_000837,boat
2007_000847,diningtable
2007_000847,person
2007_000862,boat
2007_000862,person
2007_000876,cat
2007_000904,cow
2007_000904,horse
2007_000904,person
2007_000925,sheep
2007_000999,bottle
2007_000999,person
2007_001027,bicycle
2007_001027,chair
2007_001027,sofa
2007_001027,tvmonitor
2007_001073,cow
2007_001149,pottedplant
2007_001149,sofa
2007_001149,tvmonitor
2007_001154,pottedplant
2007_001154,sofa
2007_001175,person
2007_001175,tvmonitor
2007_001185,bottle
2007_001185,cat
2007_001185,diningtable
2007_001185,person
2007_001225,dog
2007_001239,dog
2007_001284,person
2007_001288,aeroplane
2007_001289,bird
2007_001299,cow
2007_001311,bicycle
2007_001311,person
2007_001321,car
2007_001340,chair
2007_001340,dog
2007_001340,person
2007_001377,aeroplane
2007_001397,dog
2007_001408,bottle
2007_001408,person
2007_001408,pottedplant
2007_001416,sheep
2007_001420,horse
2007_001420,person
2007_001420,pottedplant
2007_001423,person
2007_001430,diningtable
2007_001430,person
2007_001430,pottedplant
2007_001430,tvmonitor
2007_001439,chair
2007_001439,diningtable
2007_001457,chair
2007_001457,sofa
2007_001458,sofa
2007_001487,boat
2007_001526,person
2007_001568,aeroplane
2007_001585,bottle
2007_001585,person
2007_001585,sofa
2007_001586,horse
2007_001586,person
2007_001587,bicycle
2007_001594,dog
2007_001594,person
2007_001594,sheep
2007_001595,bus
2007_001602,bottle
2007_001609,chair
2007_001609,diningtable
2007_001630,bicycle
2007_001630,person
2007_001677,chair
2007_001677,diningtable
2007_001678,chair
2007_001678,person
2007_001678,tvmonitor
2007_001698,boat
2007_001704,tvmonitor
2007_001709,motorbike
2007_001709,person
2007_001717,chair
2007_001717,person
2007_001717,tvmonitor
2007_001724,horse
2007_001733,sheep
2007_001761,aeroplane
2007_001763,cat
2007_001763,dog
2007_001763,sofa
2007_001763,tvmonitor
2007_001764,cow
2007_001774,cat
2007_001825,cat
2007_001825,dog
2007_001834,diningtable
2007_001857,car
2007_001857,person
2007_001872,sheep
2007_001884,aeroplane
2007_001884,bus
2007_001901,chair
2007_001901,diningtable
2007_001901,sofa
2007_001917,cow
2007_001955,horse
2007_001960,horse
2007_002024,bus
2007_002024,person
2007_002046,horse
2007_002055,dog
2007_002055,person
2007_002055,sofa
2007_002088,cow
2007_002094,bird
2007_002099,aeroplane
2007_002105,motorbike
2007_002105,person
2007_002107,aeroplane
2007_002119,person
2007_002119,tvmonitor
2007_002120,bird
2007_002120,person
2007_002132,tvmonitor
2007_002142,person
2007_002198,aeroplane
2007_002212,bird
2007_002216,bus
2007_002227,bicycle
2007_002227,tvmonitor
2007_002234,boat
2007_002260,motorbike
2007_002266,aeroplane
2007_002268,cat
2007_002268,dog
2007_002268,sofa
2007_002273,horse
2007_002273,person
2007_002281,car
2007_002281,person
2007_002284,pottedplant
2007_002293,person
2007_002361,person
2007_002361,pottedplant
2007_002368,chair
2007_002368,diningtable
2007_002368,sofa
2007_002370,car
2007_002370,person
2007_002376,aeroplane
2007_002378,person
2007_002378,pottedplant
2007_002387,cow
2007_002387,person
2007_002400,bird
2007_002403,bird
2007_002403,boat
2007_002403,person
2007_002412,bird
2007_002426,person
2007_002426,sofa
2007_002427,pottedplant
2007_002427,sofa
2007_002445,cat
2007_002462,train
2007_002470,cat
2007_002488,motorbike
2007_002488,person
2007_002539,bus
2007_002539,person
2007_002545,bottle
2007_002545,person
2007_002545,sofa
2007_002565,person
2007_002565,train
2007_002597,cat
2007_002597,dog
2007_002611,dog
2007_002611,person
2007_002618,sheep
2007_002619,aeroplane
2007_002624,diningtable
2007_002624,person
2007_002639,person
2007_002643,car
2007_002643,motorbike
2007_002643,person
2007_002648,sheep
2007_002668,diningtable
2007_002668,person
2007_002668,pottedplant
2007_002669,cow
2007_002669,person
2007_002719,boat
2007_002719,person
2007_002728,person
2007_002728,train
2007_002760,cat
2007_002789,car
2007_002789,cow
2007_002789,person
2007_002823,motorbike
2007_002823,person
2007_002824,person
2007_002845,sheep
2007_002852,dog
2007_002895,person
2007_002896,bird
2007_002903,cow
2007_002914,diningtable
2007_002914,person
2007_002953,bottle
2007_002953,tvmonitor
2007_002954,person
2007_002967,pottedplant
2007_003000,aeroplane
2007_003011,chair
2007_003011,diningtable
2007_003011,sofa
2007_003011,tvmonitor
2007_003020,person
2007_003020,pottedplant
2007_003022,horse
2007_003022,person
2007_003051,car
2007_003088,bottle
2007_003088,person
2007_003101,bus
2007_003101,car
2007_003106,cat
2007_003106,person
2007_003110,dog
2007_003118,bird
2007_003118,person
2007_003131,boat
2007_003134,person
2007_003137,bus
2007_003143,car
2007_003169,cat
2007_003169,sofa
2007_003178,train
2007_003188,bicycle
2007_003188,person
2007_003189,horse
2007_003189,person
2007_003189,pottedplant
2007_003190,sheep
2007_003191,person
2007_003194,dog
2007_003195,bus
2007_003195,car
2007_003201,cow
2007_003205,chair
2007_003205,person
2007_003207,bottle
2007_003251,chair
2007_003251,diningtable
2007_003267,bird
2007_003286,train
2007_003330,bird
2007_003349,bird
2007_003367,motorbike
2007_003367,person
2007_003367,pottedplant
2007_003373,dog
2007_003373,person
2007_003431,bottle
2007_003431,person
2007_003451,bottle
2007_003451,chair
2007_003451,sofa
2007_003451,tvmonitor
2007_003499,train
2007_003503,bus
2007_003503,car
2007_003503,person
2007_003506,pottedplant
2007_003525,cat
2007_003529,diningtable
2007_003529,person
2007_003530,person
2007_003530,sofa
2007_003541,chair
2007_003541,person
2007_003565,bird
2007_003571,boat
2007_003580,person
2007_003587,car
2007_003587,train
2007_003593,sheep
2007_003604,dog
2007_003604,tvmonitor
2007_003611,horse
2007_003611,person
2007_003621,bicycle
2007_003621,bus
2007_003621,person
2007_003668,diningtable
2007_003682,bird
2007_003711,bus
2007_003711,car
2007_003711,person
2007_003714,sheep
2007_003715,bus
2007_003742,diningtable
2007_003742,person
2007_003778,cat
2007_003778,pottedplant
2007_003786,bus
2007_003788,cat
2007_003788,chair
2007_003815,car
2007_003815,person
2007_003841,cow
2007_003848,train
2007_003861,boat
2007_003872,dog
2007_003876,aeroplane
2007_003889,chair
2007_003889,horse
2007_003889,person
2007_003910,boat
2007_003910,person
2007_003917,car
2007_003957,train
2007_003991,cat
2007_004003,motorbike
2007_004009,aeroplane
2007_004033,motorbike
2007_004033,person
2007_004052,aeroplane
2007_004065,bus
2007_004065,person
2007_004081,cow
2007_004081,pottedplant
2007_004112,dog
2007_004112,person
2007_004121,person
2007_004121,pottedplant
2007_004143,bird
2007_004166,chair
2007_004166,diningtable
2007_004166,dog
2007_004166,sofa
2007_004166,tvmonitor
2007_004189,dog
2007_004190,tvmonitor
2007_004193,bottle
2007_004193,chair
2007_004193,tvmonitor
2007_004241,boat
2007_004275,motorbike
2007_004275,person
2007_004275,pottedplant
2007_004281,person
2007_004281,train
2007_004289,person
2007_004289,tvmonitor
2007_004291,bottle
2007_004291,person
2007_004328,person
2007_004380,motorbike
2007_004380,person
2007_004392,chair
2007_004392,person
2007_004392,pottedplant
2007_004405,chair
2007_004405,diningtable
2007_004423,sheep
2007_004459,aeroplane
2007_004459,person
2007_004468,bottle
2007_004476,bottle
2007_004476,person
2007_004481,car
2007_004481,person
2007_004483,train
2007_004500,cow
2007_004510,chair
2007_004510,tvmonitor
2007_004537,cow
2007_004537,horse
2007_004537,person
2007_004538,horse
2007_004538,person
2007_004558,pottedplant
2007_004627,train
2007_004644,dog
2007_004649,train
2007_004663,train
2007_004705,bus
2007_004705,car
2007_004707,person
2007_004707,pottedplant
2007_004712,bottle
2007_004712,chair
2007_004712,diningtable
2007_004712,person
2007_004712,pottedplant
2007_004722,horse
2007_004722,person
2007_004768,sheep
2007_004769,bicycle
2007_004769,person
2007_004810,car
2007_004810,person
2007_004830,car
2007_004830,person
2007_004841,aeroplane
2007_004856,cat
2007_004866,cat
2007_004902,horse
2007_004902,person
2007_004948,pottedplant
2007_004951,train
2007_004969,sheep
2007_004988,aeroplane
2007_004998,cat
2007_005043,aeroplane
2007_005058,sheep
2007_005064,bicycle
2007_005064,person
2007_005074,bird
2007_005074,boat
2007_005074,car
2007_005086,chair
2007_005086,diningtable
2007_005086,person
2007_005107,bicycle
2007_005107,person
2007_005114,cow
2007_005114,horse
2007_005114,person
2007_005124,cow
2007_005124,person
2007_005130,bird
2007_005144,person
2007_005149,dog
2007_005173,motorbike
2007_005173,person
2007_005210,tvmonitor
2007_005212,chair
2007_005212,motorbike
2007_005212,sofa
2007_005227,person
2007_005248,horse
2007_005248,person
2007_005262,bus
2007_005262,car
2007_005264,bird
2007_005266,chair
2007_005266,pottedplant
2007_005266,sofa
2007_005273,bicycle
2007_005273,car
2007_005273,person
2007_005281,bicycle
2007_005281,person
2007_005294,bottle
2007_005296,car
2007_005296,person
2007_005304,bottle
2007_005304,person
2007_005314,motorbike
2007_005331,car
2007_005331,horse
2007_005331,person
2007_005354,motorbike
2007_005354,person
2007_005358,aeroplane
2007_005358,boat
2007_005360,train
2007_005368,bicycle
2007_005368,person
2007_005428,bottle
2007_005430,bicycle
2007_005430,bottle
2007_005430,person
2007_005460,cat
2007_005469,sheep
2007_005509,aeroplane
2007_005509,car
2007_005509,person
2007_005547,car
2007_005547,cow
2007_005547,person
2007_005600,aeroplane
2007_005600,person
2007_005608,motorbike
2007_005608,person
2007_005626,train
2007_005647,chair
2007_005647,diningtable
2007_005647,sofa
2007_005688,cat
2007_005689,train
2007_005696,dog
2007_005702,bicycle
2007_005702,person
2007_005705,boat
2007_005759,motorbike
2007_005759,person
2007_005790,diningtable
2007_005790,person
2007_005797,cow
2007_005797,person
2007_005803,diningtable
2007_005813,pottedplant
2007_005828,aeroplane
2007_005844,chair
2007_005844,diningtable
2007_005845,cat
2007_005845,person
2007_005857,pottedplant
2007_005859,person
2007_005878,motorbike
2007_005902,tvmonitor
2007_005911,bus
2007_005915,sheep
2007_005951,motorbike
2007_005951,person
2007_005978,bus
2007_005988,car
2007_005988,dog
2007_005988,person
2007_005989,motorbike
2007_005989,person
2007_006004,chair
2007_006004,person
2007_006028,bicycle
2007_006028,person
2007_006035,car
2007_006046,boat
2007_006066,chair
2007_006066,sofa
2007_006066,tvmonitor
2007_006076,bird
2007_006076,person
2007_006086,bottle
2007_006086,chair
2007_006086,diningtable
2007_006117,person
2007_006134,horse
2007_006136,sheep
2007_006151,car
2007_006151,horse
2007_006151,person
2007_006171,dog
2007_006171,person
2007_006171,sofa
2007_006212,aeroplane
2007_006232,aeroplane
2007_006241,bottle
2007_006241,chair
2007_006241,diningtable
2007_006254,train
2007_006260,cat
2007_006277,car
2007_006281,boat
2007_006303,cat
2007_006303,pottedplant
2007_006317,bicycle
2007_006317,bus
2007_006317,person
2007_006348,chair
2007_006348,tvmonitor
2007_006364,horse
2007_006364,person
2007_006373,person
2007_006373,sofa
2007_006400,train
2007_006409,bottle
2007_006409,diningtable
2007_006409,person
2007_006444,dog
2007_006444,person
2007_006445,horse
2007_006445,person
2007_006449,bicycle
2007_006477,chair
2007_006477,person
2007_006483,bottle
2007_006483,person
2007_006490,bird
2007_006490,boat
2007_006490,person
2007_006530,chair
2007_006530,sofa
2007_006549,boat
2007_006553,chair
2007_006560,person
2007_006581,bicycle
2007_006581,car
2007_006585,motorbike
2007_006585,person
2007_006605,chair
2007_006605,pottedplant
2007_006615,person
2007_006641,cat
2007_006647,motorbike
2007_006647,person
2007_006660,boat
2007_006660,car
2007_006661,bicycle
2007_006661,person
2007_006673,boat
2007_006678,sheep
2007_006680,train
2007_006698,person
2007_006699,diningtable
2007_006699,person
2007_006704,tvmonitor
2007_006761,cow
2007_006802,person
2007_006802,train
2007_006803,person
2007_006803,train
2007_006832,sheep
2007_006837,sheep
2007_006841,cow
2007_006841,person
2007_006864,person
2007_006865,bird
2007_006866,horse
2007_006866,person
2007_006899,sheep
2007_006900,car
2007_006944,horse
2007_006944,sheep
2007_006946,aeroplane
2007_007003,bus
2007_007003,car
2007_007007,bottle
2007_007007,diningtable
2007_007007,person
2007_007021,bottle
2007_007021,chair
2007_007021,diningtable
2007_007048,bottle
2007_007048,person
2007_007048,sheep
2007_007084,bird
2007_007098,cat
2007_007109,horse
2007_007109,person
2007_007130,pottedplant
2007_007130,tvmonitor
2007_007154,person
2007_007165,sheep
2007_007168,train
2007_007195,person
2007_007195,train
2007_007196,tvmonitor
2007_007203,chair
2007_007203,person
2007_007203,tvmonitor
2007_007211,motorbike
2007_007230,sheep
2007_007235,bicycle
2007_007235,person
2007_007250,bottle
2007_007250,tvmonitor
2007_007341,aeroplane
2007_007341,person
2007_007355,motorbike
2007_007355,person
2007_007387,train
2007_007398,bus
2007_007398,person
2007_007414,car
2007_007414,person
2007_007415,boat
2007_007415,person
2007_007417,cat
2007_007417,dog
2007_007417,sofa
2007_007432,chair
2007_007432,tvmonitor
2007_007447,bicycle
2007_007447,car
2007_007447,person
2007_007470,aeroplane
2007_007477,boat
2007_007480,bus
2007_007480,person
2007_007481,bird
2007_007493,bottle
2007_007493,chair
2007_007493,person
2007_007498,diningtable
2007_007498,person
2007_007523,bird
2007_007524,cat
2007_007530,cat
2007_007530,chair
2007_007530,tvmonitor
2007_007534,sheep
2007_007585,dog
2007_007591,bus
2007_007591,car
2007_007621,sheep
2007_007624,pottedplant
2007_007649,bottle
2007_007649,person
2007_007651,diningtable
2007_007651,person
2007_007688,motorbike
2007_007698,aeroplane
2007_007726,person
2007_007726,train
2007_007748,horse
2007_007748,person
2007_007772,cow
2007_007773,bus
2007_007783,bottle
2007_007783,motorbike
2007_007783,person
2007_007795,chair
2007_007795,person
2007_007795,pottedplant
2007_007810,diningtable
2007_007810,person
2007_007815,car
2007_007815,person
2007_007818,bus
2007_007818,car
2007_007836,bicycle
2007_007836,person
2007_007849,person
2007_007849,tvmonitor
2007_007878,cat
2007_007878,person
2007_007881,train
2007_007890,pottedplant
2007_007891,person
2007_007902,motorbike
2007_007902,person
2007_007908,bus
2007_007930,dog
2007_007947,train
2007_007948,car
2007_007948,person
2007_007996,chair
2007_007996,person
2007_007996,sofa
2007_007996,tvmonitor
2007_008043,person
2007_008043,pottedplant
2007_008051,bird
2007_008072,chair
2007_008072,diningtable
2007_008072,person
2007_008084,bird
2007_008085,bird
2007_008106,chair
2007_008106,pottedplant
2007_008110,cat
2007_008110,chair
2007_008110,person
2007_008140,pottedplant
2007_008142,horse
2007_008142,person
2007_008203,sofa
2007_008204,bottle
2007_008204,person
2007_008204,tvmonitor
2007_008218,person
2007_008219,boat
2007_008219,person
2007_008222,dog
2007_008256,horse
2007_008256,person
2007_008260,dog
2007_008260,sofa
2007_008307,horse
2007_008307,person
2007_008339,train
2007_008374,person
2007_008374,tvmonitor
2007_008403,cat
2007_008407,chair
2007_008407,person
2007_008407,tvmonitor
2007_008415,dog
2007_008430,person
2007_008468,chair
2007_008468,pottedplant
2007_008468,sofa
2007_008526,horse
2007_008526,person
2007_008543,chair
2007_008543,sofa
2007_008547,pottedplant
2007_008571,boat
2007_008575,cat
2007_008596,horse
2007_008596,person
2007_008645,boat
2007_008670,bird
2007_008708,car
2007_008708,person
2007_008714,aeroplane
2007_008722,cow
2007_008747,bus
2007_008747,car
2007_008764,bird
2007_008778,bottle
2007_008778,person
2007_008801,car
2007_008801,motorbike
2007_008801,person
2007_008802,horse
2007_008802,person
2007_008815,cat
2007_008821,chair
2007_008821,pottedplant
2007_008821,sofa
2007_008897,chair
2007_008897,person
2007_008897,tvmonitor
2007_008927,cow
2007_008932,diningtable
2007_008932,person
2007_008944,person
2007_008945,diningtable
2007_008945,person
2007_008948,chair
2007_008948,tvmonitor
2007_008964,dog
2007_008964,person
2007_008973,cow
2007_008980,dog
2007_008994,motorbike
2007_009015,bus
2007_009015,car
2007_009030,aeroplane
2007_009052,car
2007_009052,person
2007_009068,chair
2007_009068,person
2007_009068,pottedplant
2007_009068,sofa
2007_009082,cow
2007_009084,chair
2007_009084,dog
2007_009084,motorbike
2007_009084,person
2007_009088,bird
2007_009096,car
2007_009139,motorbike
2007_009139,person
2007_009209,motorbike
2007_009209,person
2007_009216,cat
2007_009216,tvmonitor
2007_009221,cat
2007_009245,cow
2007_009251,horse
2007_009251,person
2007_009252,chair
2007_009252,pottedplant
2007_009252,sofa
2007_009258,bicycle
2007_009258,person
2007_009295,bicycle
2007_009295,person
2007_009295,tvmonitor
2007_009320,person
2007_009320,sheep
2007_009322,bus
2007_009322,car
2007_009322,motorbike
2007_009322,person
2007_009323,bird
2007_009327,dog
2007_009327,person
2007_009331,dog
2007_009331,horse
2007_009331,person
2007_009346,cat
2007_009348,aeroplane
2007_009392,bus
2007_009392,car
2007_009413,chair
2007_009413,diningtable
2007_009413,person
2007_009419,pottedplant
2007_009422,bird
2007_009435,chair
2007_009435,sofa
2007_009436,person
2007_009436,train
2007_009446,tvmonitor
2007_009458,bottle
2007_009464,cat
2007_009521,chair
2007_009521,diningtable
2007_009521,sofa
2007_009521,tvmonitor
2007_009527,boat
2007_009533,boat
2007_009550,chair
2007_009550,diningtable
2007_009554,person
2007_009554,sofa
2007_009554,tvmonitor
2007_009562,dog
2007_009580,train
2007_009592,dog
2007_009592,sofa
2007_009594,tvmonitor
2007_009597,train
2007_009605,dog
2007_009607,bird
2007_009618,bicycle
2007_009618,person
2007_009630,bottle
2007_009630,cat
2007_009630,pottedplant
2007_009649,chair
2007_009649,person
2007_009649,tvmonitor
2007_009654,bottle
2007_009654,person
2007_009655,person
2007_009655,sofa
2007_009665,horse
2007_009665,person
2007_009684,person
2007_009684,sofa
2007_009687,bottle
2007_009687,person
2007_009691,motorbike
2007_009691,person
2007_009706,diningtable
2007_009709,bottle
2007_009724,cat
2007_009750,person
2007_009750,pottedplant
2007_009756,motorbike
2007_009756,person
2007_009759,bird
2007_009764,bus
2007_009779,car
2007_009779,person
2007_009788,bicycle
2007_009788,tvmonitor
2007_009794,cat
2007_009807,horse
2007_009817,bird
2007_009832,bus
2007_009841,horse
2007_009841,person
2007_009889,dog
2007_009897,cow
2007_009899,dog
2007_009901,chair
2007_009901,diningtable
2007_009901,person
2007_009911,aeroplane
2007_009923,cat
2007_009938,car
2007_009938,motorbike
2007_009947,boat
2007_009947,person
2007_009950,person
2007_009950,train
2008_000009,cow
2008_000015,bottle
2008_000016,tvmonitor
2008_000019,dog
2008_000028,car
2008_000033,aeroplane
2008_000073,cow
2008_000074,car
2008_000075,bus
2008_000080,dog
2008_000089,chair
2008_000103,bird
2008_000105,car
2008_000107,chair
2008_000120,boat
2008_000123,bird
2008_000131,bird
2008_000144,motorbike
2008_000144,person
2008_000149,chair
2008_000149,sofa
2008_000162,dog
2008_000182,cat
2008_000187,car
2008_000188,pottedplant
2008_000197,aeroplane
2008_000207,person
2008_000213,person
2008_000215,person
2008_000217,person
2008_000223,person
2008_000226,car
2008_000226,person
2008_000233,person
2008_000234,person
2008_000235,boat
2008_000235,person
2008_000238,bus
2008_000239,dog
2008_000254,person
2008_000259,person
2008_000270,dog
2008_000270,person
2008_000270,sofa
2008_000271,person
2008_000273,chair
2008_000273,dog
2008_000284,person
2008_000284,pottedplant
2008_000287,pottedplant
2008_000289,person
2008_000290,bottle
2008_000290,diningtable
2008_000290,person
2008_000309,tvmonitor
2008_000316,person
2008_000336,dog
2008_000345,cat
2008_000348,tvmonitor
2008_000359,person
2008_000361,bird
2008_000365,person
2008_000391,pottedplant
2008_000399,car
2008_000400,bird
2008_000401,cat
2008_000415,person
2008_000422,person
2008_000436,person
2008_000464,cat
2008_000469,bicycle
2008_000469,person
2008_000470,train
2008_000474,person
2008_000491,pottedplant
2008_000495,bottle
2008_000495,chair
2008_000495,tvmonitor
2008_000501,car
2008_000505,boat
2008_000510,person
2008_000515,bird
2008_000533,bird
2008_000540,person
2008_000544,person
2008_000567,boat
2008_000573,diningtable
2008_000573,person
2008_000578,chair
2008_000578,person
2008_000578,tvmonitor
2008_000584,person
2008_000588,chair
2008_000588,person
2008_000589,sofa
2008_000595,car
2008_000602,horse
2008_000626,chair
2008_000630,person
2008_000645,person
2008_000657,train
2008_000661,dog
2008_000661,person
2008_000662,person
2008_000666,person
2008_000673,chair
2008_000673,person
2008_000676,dog
2008_000696,horse
2008_000700,person
2008_000711,cow
2008_000716,aeroplane
2008_000725,bicycle
2008_000725,person
2008_000731,person
2008_000733,person
2008_000760,chair
2008_000763,diningtable
2008_000763,person
2008_000764,bicycle
2008_000764,person
2008_000765,horse
2008_000778,person
2008_000782,motorbike
2008_000785,bird
2008_000795,bottle
2008_000795,person
2008_000811,motorbike
2008_000811,person
2008_000832,bird
2008_000841,person
2008_000841,pottedplant
2008_000848,bird
2008_000853,cat
2008_000860,cat
2008_000861,bird
2008_000863,chair
2008_000863,dog
2008_000870,chair
2008_000870,person
2008_000911,bottle
2008_000919,cow
2008_000923,pottedplant
2008_000943,dog
2008_000992,person
2008_001013,boat
2008_001013,person
2008_001028,person
2008_001030,sofa
2008_001040,boat
2008_001056,boat
2008_001070,dog
2008_001074,person
2008_001076,person
2008_001078,cat
2008_001078,pottedplant
2008_001106,person
2008_001112,horse
2008_001112,person
2008_001118,train
2008_001119,motorbike
2008_001119,person
2008_001135,boat
2008_001137,dog
2008_001150,motorbike
2008_001159,boat
2008_001169,car
2008_001169,train
2008_001170,person
2008_001188,person
2008_001203,motorbike
2008_001208,car
2008_001215,person
2008_001231,bicycle
2008_001231,person
2008_001235,horse
2008_001235,person
2008_001245,person
2008_001249,person
2008_001260,boat
2008_001263,person
2008_001274,car
2008_001283,bird
2008_001283,person
2008_001283,pottedplant
2008_001308,person
2008_001358,person
2008_001358,train
2008_001375,bicycle
2008_001375,car
2008_001375,person
2008_001379,dog
2008_001387,bird
2008_001399,sofa
2008_001402,bicycle
2008_001402,person
2008_001404,bicycle
2008_001404,person
2008_001408,person
2008_001413,diningtable
2008_001413,person
2008_001433,cat
2008_001439,chair
2008_001462,person
2008_001467,chair
2008_001467,person
2008_001467,pottedplant
2008_001478,dog
2008_001479,dog
2008_001491,person
2008_001498,dog
2008_001504,person
2008_001510,person
2008_001513,cat
2008_001514,bird
2008_001523,bicycle
2008_001523,person
2008_001531,bicycle
2008_001531,person
2008_001546,aeroplane
2008_001547,person
2008_001566,bicycle
2008_001566,person
2008_001580,boat
2008_001592,cat
2008_001601,sheep
2008_001610,cat
2008_001629,bottle
2008_001629,person
2008_001632,car
2008_001640,cat
2008_001643,motorbike
2008_001643,person
2008_001682,horse
2008_001688,pottedplant
2008_001688,tvmonitor
2008_001691,motorbike
2008_001715,chair
2008_001716,car
2008_001719,aeroplane
2008_001741,cat
2008_001761,person
2008_001787,sofa
2008_001821,person
2008_001829,bird
2008_001874,person
2008_001876,cat
2008_001882,person
2008_001885,cat
2008_001895,dog
2008_001895,person
2008_001896,sofa
2008_001896,tvmonitor
2008_001926,train
2008_001966,bird
2008_001966,pottedplant
2008_001971,aeroplane
2008_001992,horse
2008_001992,person
2008_001997,chair
2008_001997,tvmonitor
2008_002032,chair
2008_002032,diningtable
2008_002032,person
2008_002043,bird
2008_002064,bird
2008_002066,tvmonitor
2008_002067,cat
2008_002067,person
2008_002073,bird
2008_002079,bottle
2008_002079,diningtable
2008_002079,person
2008_002080,person
2008_002123,motorbike
2008_002123,person
2008_002152,cat
2008_002160,dog
2008_002175,chair
2008_002175,diningtable
2008_002177,cat
2008_002182,cat
2008_002200,bird
2008_002205,bus
2008_002210,diningtable
2008_002210,person
2008_002212,car
2008_002212,person
2008_002215,cat
2008_002218,chair
2008_002218,tvmonitor
2008_002221,aeroplane
2008_002239,dog
2008_002240,motorbike
2008_002241,person
2008_002247,person
2008_002248,person
2008_002255,bird
2008_002258,car
2008_002269,bicycle
2008_002273,pottedplant
2008_002288,chair
2008_002338,horse
2008_002358,aeroplane
2008_002379,chair
2008_002379,diningtable
2008_002379,pottedplant
2008_002383,motorbike
2008_002411,horse
2008_002411,person
2008_002425,person
2008_002429,bird
2008_002464,tvmonitor
2008_002467,bottle
2008_002471,bird
2008_002473,car
2008_002492,boat
2008_002495,person
2008_002504,boat
2008_002521,chair
2008_002536,dog
2008_002536,sheep
2008_002551,aeroplane
2008_002588,person
2008_002623,cat
2008_002641,person
2008_002650,tvmonitor
2008_002680,tvmonitor
2008_002681,cat
2008_002697,horse
2008_002704,car
2008_002710,car
2008_002719,aeroplane
2008_002749,cat
2008_002762,horse
2008_002762,person
2008_002772,motorbike
2008_002775,bottle
2008_002775,diningtable
2008_002775,person
2008_002778,cow
2008_002834,car
2008_002835,horse
2008_002835,person
2008_002859,dog
2008_002864,bottle
2008_002864,diningtable
2008_002864,person
2008_002868,person
2008_002885,chair
2008_002885,person
2008_002894,bicycle
2008_002894,person
2008_002900,train
2008_002904,dog
2008_002929,person
2008_002929,sofa
2008_002936,dog
2008_002942,person
2008_002958,car
2008_002958,dog
2008_002960,diningtable
2008_002960,person
2008_002970,bird
2008_002972,motorbike
2008_002993,horse
2008_003003,pottedplant
2008_003003,tvmonitor
2008_003026,tvmonitor
2008_003034,boat
2008_003034,person
2008_003060,bus
2008_003060,car
2008_003060,person
2008_003065,cow
2008_003065,person
2008_003068,train
2008_003076,bottle
2008_003076,person
2008_003083,train
2008_003087,bird
2008_003094,cow
2008_003094,person
2008_003101,dog
2008_003105,train
2008_003108,bicycle
2008_003108,person
2008_003110,bird
2008_003135,pottedplant
2008_003141,bus
2008_003141,car
2008_003141,person
2008_003155,aeroplane
2008_003168,chair
2008_003180,dog
2008_003196,aeroplane
2008_003200,bottle
2008_003200,tvmonitor
2008_003208,person
2008_003210,person
2008_003238,dog
2008_003238,person
2008_003252,chair
2008_003270,bicycle
2008_003329,bicycle
2008_003329,car
2008_003329,person
2008_003330,person
2008_003333,car
2008_003333,motorbike
2008_003333,person
2008_003362,boat
2008_003369,aeroplane
2008_003373,bus
2008_003379,horse
2008_003379,person
2008_003381,bus
2008_003415,car
2008_003429,motorbike
2008_003429,person
2008_003451,motorbike
2008_003451,person
2008_003461,horse
2008_003461,person
2008_003477,chair
2008_003477,diningtable
2008_003480,boat
2008_003492,person
2008_003499,cat
2008_003500,tvmonitor
2008_003511,dog
2008_003511,person
2008_003523,person
2008_003523,pottedplant
2008_003546,person
2008_003562,cat
2008_003562,sofa
2008_003576,dog
2008_003577,car
2008_003585,tvmonitor
2008_003665,dog
2008_003665,pottedplant
2008_003676,person
2008_003676,pottedplant
2008_003691,bus
2008_003691,car
2008_003701,boat
2008_003703,aeroplane
2008_003709,sofa
2008_003729,aeroplane
2008_003733,person
2008_003733,sofa
2008_003769,motorbike
2008_003769,person
2008_003774,chair
2008_003774,diningtable
2008_003777,bus
2008_003779,person
2008_003782,horse
2008_003814,sofa
2008_003814,tvmonitor
2008_003821,chair
2008_003846,car
2008_003856,aeroplane
2008_003856,person
2008_003858,boat
2008_003874,person
2008_003876,aeroplane
2008_003885,tvmonitor
2008_003886,boat
2008_003913,boat
2008_003926,aeroplane
2008_003939,motorbike
2008_003947,person
2008_003976,aeroplane
2008_003986,car
2008_003998,chair
2008_003998,diningtable
2008_004014,boat
2008_004026,boat
2008_004055,bus
2008_004055,person
2008_004069,car
2008_004080,car
2008_004097,chair
2008_004097,tvmonitor
2008_004101,bicycle
2008_004101,person
2008_004112,car
2008_004140,diningtable
2008_004140,person
2008_004172,sofa
2008_004175,horse
2008_004212,train
2008_004259,tvmonitor
2008_004279,tvmonitor
2008_004321,chair
2008_004321,diningtable
2008_004321,person
2008_004321,sofa
2008_004321,tvmonitor
2008_004339,car
2008_004345,motorbike
2008_004358,person
2008_004358,train
2008_004363,bicycle
2008_004365,motorbike
2008_004365,person
2008_004367,train
2008_004396,horse
2008_004399,motorbike
2008_004399,person
2008_004416,sofa
2008_004430,horse
2008_004441,bicycle
2008_004441,car
2008_004441,person
2008_004453,sheep
2008_004477,pottedplant
2008_004547,train
2008_004551,bird
2008_004552,car
2008_004562,sofa
2008_004575,diningtable
2008_004575,person
2008_004583,cat
2008_004588,diningtable
2008_004607,bottle
2008_004610,train
2008_004612,chair
2008_004621,sheep
2008_004624,horse
2008_004654,bicycle
2008_004654,person
2008_004659,bottle
2008_004663,train
2008_004687,horse
2008_004687,person
2008_004701,cow
2008_004704,aeroplane
2008_004705,horse
2008_004750,boat
2008_004754,tvmonitor
2008_004758,bicycle
2008_004776,chair
2008_004776,diningtable
2008_004822,motorbike
2008_004838,motorbike
2008_004841,cow
2008_004841,person
2008_004854,sheep
2008_004869,train
2008_004892,horse
2008_004892,person
2008_004910,tvmonitor
2008_004911,horse
2008_004914,train
2008_004946,train
2008_004983,boat
2008_004983,person
2008_004995,bicycle
2008_005006,tvmonitor
2008_005049,motorbike
2008_005074,bus
2008_005074,car
2008_005089,bottle
2008_005089,person
2008_005089,tvmonitor
2008_005097,cow
2008_005105,cow
2008_005145,diningtable
2008_005196,bus
2008_005197,dog
2008_005197,person
2008_005214,pottedplant
2008_005217,pottedplant
2008_005231,person
2008_005231,tvmonitor
2008_005242,pottedplant
2008_005245,car
2008_005245,motorbike
2008_005254,tvmonitor
2008_005262,bottle
2008_005266,bus
2008_005294,car
2008_005294,person
2008_005300,cat
2008_005321,boat
2008_005338,aeroplane
2008_005338,person
2008_005342,bottle
2008_005342,chair
2008_005342,diningtable
2008_005342,tvmonitor
2008_005345,pottedplant
2008_005367,boat
2008_005375,cow
2008_005398,boat
2008_005399,bottle
2008_005399,person
2008_005422,motorbike
2008_005439,tvmonitor
2008_005445,chair
2008_005445,person
2008_005445,tvmonitor
2008_005512,boat
2008_005512,person
2008_005525,horse
2008_005541,boat
2008_005544,train
2008_005600,cat
2008_005600,person
2008_005628,boat
2008_005633,sheep
2008_005637,motorbike
2008_005642,horse
2008_005650,bicycle
2008_005650,person
2008_005668,horse
2008_005676,bus
2008_005678,tvmonitor
2008_005679,dog
2008_005680,pottedplant
2008_005691,horse
2008_005698,chair
2008_005698,person
2008_005706,sheep
2008_005713,bicycle
2008_005714,cow
2008_005716,cat
2008_005727,bicycle
2008_005738,bicycle
2008_005738,person
2008_005747,car
2008_005770,cat
2008_005812,bottle
2008_005812,person
2008_005839,bicycle
2008_005843,bird
2008_005845,dog
2008_005874,pottedplant
2008_005904,bottle
2008_005915,motorbike
2008_005926,sofa
2008_005938,sheep
2008_005945,bottle
2008_005945,diningtable
2008_005953,diningtable
2008_006008,chair
2008_006008,diningtable
2008_006032,dog
2008_006032,person
2008_006036,horse
2008_006055,train
2008_006063,cow
2008_006065,boat
2008_006070,sheep
2008_006108,diningtable
2008_006108,person
2008_006130,dog
2008_006140,aeroplane
2008_006143,bird
2008_006159,tvmonitor
2008_006182,bottle
2008_006213,aeroplane
2008_006215,car
2008_006215,person
2008_006216,aeroplane
2008_006216,person
2008_006219,horse
2008_006221,sheep
2008_006229,boat
2008_006254,bicycle
2008_006254,car
2008_006254,person
2008_006275,car
2008_006275,person
2008_006275,pottedplant
2008_006289,boat
2008_006289,person
2008_006325,cat
2008_006327,sheep
2008_006339,sheep
2008_006341,cat
2008_006341,person
2008_006345,motorbike
2008_006349,boat
2008_006353,aeroplane
2008_006389,sofa
2008_006408,diningtable
2008_006408,person
2008_006434,horse
2008_006480,cat
2008_006481,bird
2008_006481,boat
2008_006482,chair
2008_006482,diningtable
2008_006490,boat
2008_006509,pottedplant
2008_006523,train
2008_006526,car
2008_006526,motorbike
2008_006526,person
2008_006528,cow
2008_006553,train
2008_006554,bus
2008_006554,person
2008_006558,bottle
2008_006655,train
2008_006703,aeroplane
2008_006722,dog
2008_006722,person
2008_006748,bus
2008_006751,pottedplant
2008_006752,train
2008_006784,sofa
2008_006835,sheep
2008_006843,cat
2008_006843,sofa
2008_006873,bird
2008_006873,person
2008_006874,motorbike
2008_006874,person
2008_006877,boat
2008_006908,dog
2008_006920,aeroplane
2008_006981,dog
2008_006986,car
2008_007011,train
2008_007012,dog
2008_007025,cow
2008_007031,cow
2008_007048,chair
2008_007048,diningtable
2008_007090,car
2008_007090,motorbike
2008_007090,person
2008_007120,bird
2008_007123,cow
2008_007142,bottle
2008_007143,boat
2008_007165,cat
2008_007194,chair
2008_007201,train
2008_007219,bottle
2008_007219,person
2008_007239,cat
2008_007242,bottle
2008_007242,person
2008_007242,tvmonitor
2008_007245,sheep
2008_007273,cow
2008_007313,motorbike
2008_007350,aeroplane
2008_007355,chair
2008_007355,diningtable
2008_007357,aeroplane
2008_007375,bus
2008_007375,car
2008_007375,person
2008_007378,chair
2008_007378,diningtable
2008_007378,dog
2008_007392,horse
2008_007392,person
2008_007402,chair
2008_007402,diningtable
2008_007402,person
2008_007428,motorbike
2008_007428,pottedplant
2008_007433,dog
2008_007472,cat
2008_007497,sheep
2008_007498,bird
2008_007507,aeroplane
2008_007513,dog
2008_007527,chair
2008_007527,tvmonitor
2008_007548,cat
2008_007581,dog
2008_007596,cow
2008_007677,sheep
2008_007691,chair
2008_007737,bottle
2008_007737,chair
2008_007737,person
2008_007759,person
2008_007759,train
2008_007797,bus
2008_007804,bus
2008_007804,car
2008_007811,bottle
2008_007814,sheep
2008_007828,chair
2008_007828,person
2008_007828,tvmonitor
2008_007836,aeroplane
2008_007858,bottle
2008_007945,horse
2008_007994,bird
2008_007994,person
2008_007998,bottle
2008_007998,horse
2008_008051,diningtable
2008_008103,sofa
2008_008106,sofa
2008_008127,car
2008_008127,motorbike
2008_008127,person
2008_008193,horse
2008_008221,person
2008_008221,train
2008_008252,bus
2008_008263,aeroplane
2008_008268,bird
2008_008296,horse
2008_008301,bus
2008_008323,sheep
2008_008324,motorbike
2008_008335,diningtable
2008_008335,person
2008_008343,bus
2008_008343,car
2008_008343,person
2008_008362,bottle
2008_008362,chair
2008_008362,diningtable
2008_008362,person
2008_008392,horse
2008_008393,horse
2008_008421,horse
2008_008434,pottedplant
2008_008462,motorbike
2008_008469,bus
2008_008469,person
2008_008476,horse
2008_008511,motorbike
2008_008511,person
2008_008521,cow
2008_008521,person
2008_008525,motorbike
2008_008541,cow
2008_008545,train
2008_008550,person
2008_008550,sofa
2008_008629,bicycle
2008_008629,person
2008_008682,bus
2008_008711,bicycle
2008_008746,bird
2008_008770,pottedplant
2008_008770,train
2008_008773,bottle
2008_008773,chair
2008_008773,diningtable
2009_000006,bus
2009_000012,horse
2009_000013,cat
2009_000015,bicycle
2009_000022,train
2009_000028,chair
2009_000029,dog
2009_000032,aeroplane
2009_000037,bird
2009_000039,sheep
2009_000073,train
2009_000074,motorbike
2009_000074,person
2009_000080,cat
2009_000087,sofa
2009_000096,chair
2009_000096,sofa
2009_000100,horse
2009_000103,bird
2009_000121,bottle
2009_000121,car
2009_000133,aeroplane
2009_000136,tvmonitor
2009_000149,bicycle
2009_000149,person
2009_000156,dog
2009_000161,bicycle
2009_000176,bus
2009_000177,train
2009_000201,bottle
2009_000205,aeroplane
2009_000219,cow
2009_000219,person
2009_000242,sofa
2009_000250,cow
2009_000285,cow
2009_000309,cow
2009_000309,person
2009_000318,bird
2009_000335,bus
2009_000335,car
2009_000347,train
2009_000351,bicycle
2009_000354,bicycle
2009_000385,boat
2009_000387,aeroplane
2009_000391,chair
2009_000391,tvmonitor
2009_000400,dog
2009_000405,bus
2009_000405,car
2009_000405,person
2009_000408,bus
2009_000408,person
2009_000409,horse
2009_000412,horse
2009_000418,person
2009_000418,pottedplant
2009_000418,sofa
2009_000420,boat
2009_000421,boat
2009_000421,person
2009_000426,bus
2009_000440,aeroplane
2009_000444,tvmonitor
2009_000446,boat
2009_000454,bird
2009_000455,bus
2009_000455,person
2009_000457,bicycle
2009_000457,car
2009_000457,person
2009_000469,boat
2009_000487,sofa
2009_000488,cat
2009_000488,pottedplant
2009_000488,tvmonitor
2009_000503,bird
2009_000505,person
2009_000505,pottedplant
2009_000505,sofa
2009_000523,car
2009_000532,bus
2009_000535,cat
2009_000544,person
2009_000544,tvmonitor
2009_000553,cat
2009_000562,bottle
2009_000573,bicycle
2009_000573,bottle
2009_000603,horse
2009_000619,bird
2009_000626,cow
2009_000628,train
2009_000635,pottedplant
2009_000641,cow
2009_000655,chair
2009_000655,diningtable
2009_000662,aeroplane
2009_000664,bird
2009_000675,sheep
2009_000684,cat
2009_000690,boat
2009_000704,person
2009_000704,tvmonitor
2009_000705,horse
2009_000709,cow
2009_000712,train
2009_000716,cat
2009_000720,car
2009_000723,boat
2009_000727,horse
2009_000727,person
2009_000730,motorbike
2009_000730,person
2009_000731,cow
2009_000732,sofa
2009_000744,person
2009_000746,bird
2009_000771,cow
2009_000774,dog
2009_000801,aeroplane
2009_000825,car
2009_000825,motorbike
2009_000825,person
2009_000828,boat
2009_000839,dog
2009_000840,bottle
2009_000845,train
2009_000879,bird
2009_000887,aeroplane
2009_000892,dog
2009_000894,motorbike
2009_000895,tvmonitor
2009_000906,car
2009_000919,boat
2009_000924,sheep
2009_000931,horse
2009_000935,dog
2009_000938,bird
2009_000964,cat
2009_000987,person
2009_000987,tvmonitor
2009_000989,dog
2009_000991,bird
2009_000996,boat
2009_000998,bird
2009_001002,person
2009_001008,cat
2009_001019,boat
2009_001019,car
2009_001019,person
2009_001027,aeroplane
2009_001036,horse
2009_001070,chair
2009_001082,bus
2009_001085,chair
2009_001085,pottedplant
2009_001095,chair
2009_001095,diningtable
2009_001096,bicycle
2009_001096,person
2009_001100,pottedplant
2009_001104,cow
2009_001108,bird
2009_001117,cat
2009_001124,dog
2009_001137,person
2009_001137,pottedplant
2009_001140,motorbike
2009_001140,person
2009_001145,cow
2009_001146,sofa
2009_001160,bird
2009_001163,cow
2009_001177,sheep
2009_001197,bus
2009_001197,car
2009_001203,sheep
2009_001205,cat
2009_001215,diningtable
2009_001215,person
2009_001240,car
2009_001251,dog
2009_001253,motorbike
2009_001255,bicycle
2009_001255,car
2009_001264,bird
2009_001268,sofa
2009_001270,cat
2009_001278,bottle
2009_001283,bird
2009_001299,chair
2009_001299,person
2009_001300,train
2009_001306,car
2009_001311,bird
2009_001314,bird
2009_001332,aeroplane
2009_001333,train
2009_001339,bottle
2009_001339,diningtable
2009_001339,person
2009_001359,train
2009_001363,tvmonitor
2009_001385,bird
2009_001388,car
2009_001390,aeroplane
2009_001391,cat
2009_001403,sheep
2009_001411,cat
2009_001422,bird
2009_001433,horse
2009_001433,person
2009_001443,motorbike
2009_001443,person
2009_001444,cat
2009_001481,bicycle
2009_001481,car
2009_001502,cat
2009_001505,sheep
2009_001514,pottedplant
2009_001516,train
2009_001535,dog
2009_001536,car
2009_001544,boat
2009_001565,bird
2009_001607,bird
2009_001615,person
2009_001615,tvmonitor
2009_001625,bottle
2009_001636,horse
2009_001640,bottle
2009_001644,pottedplant
2009_001644,sofa
2009_001644,tvmonitor
2009_001651,train
2009_001663,bicycle
2009_001663,person
2009_001664,horse
2009_001683,bird
2009_001684,pottedplant
2009_001687,dog
2009_001687,person
2009_001690,person
2009_001693,bird
2009_001718,bicycle
2009_001718,person
2009_001724,horse
2009_001731,sofa
2009_001735,train
2009_001744,car
2009_001755,motorbike
2009_001765,bird
2009_001768,person
2009_001768,sheep
2009_001775,chair
2009_001775,pottedplant
2009_001775,sofa
2009_001782,car
2009_001783,sheep
2009_001802,train
2009_001804,bus
2009_001804,person
2009_001816,bus
2009_001818,bottle
2009_001828,dog
2009_001850,aeroplane
2009_001851,aeroplane
2009_001854,bus
2009_001854,person
2009_001868,train
2009_001871,chair
2009_001871,diningtable
2009_001871,sofa
2009_001885,dog
2009_001885,horse
2009_001888,pottedplant
2009_001888,sofa
2009_001894,cat
2009_001898,car
2009_001922,chair
2009_001922,diningtable
2009_001922,pottedplant
2009_001937,bottle
2009_001941,boat
2009_001961,sofa
2009_001961,tvmonitor
2009_001964,tvmonitor
2009_001972,bird
2009_001991,sheep
2009_002010,car
2009_002010,dog
2009_002012,dog
2009_002019,cow
2009_002035,cow
2009_002042,person
2009_002052,bus
2009_002060,bottle
2009_002072,bird
2009_002082,sheep
2009_002083,pottedplant
2009_002083,sofa
2009_002094,tvmonitor
2009_002097,horse
2009_002117,car
2009_002122,cow
2009_002150,cow
2009_002153,bird
2009_002155,dog
2009_002164,car
2009_002165,horse
2009_002171,cow
2009_002185,bottle
2009_002185,person
2009_002202,train
2009_002204,bottle
2009_002216,motorbike
2009_002221,cow
2009_002229,cow
2009_002238,bus
2009_002238,car
2009_002238,person
2009_002239,car
2009_002239,motorbike
2009_002239,person
2009_002245,sheep
2009_002262,bird
2009_002264,bird
2009_002265,train
2009_002268,cat
2009_002281,train
2009_002285,dog
2009_002285,person
2009_002291,train
2009_002295,bicycle
2009_002314,aeroplane
2009_002317,motorbike
2009_002317,person
2009_002320,aeroplane
2009_002343,boat
2009_002343,car
2009_002343,person
2009_002346,chair
2009_002346,dog
2009_002346,person
2009_002346,sofa
2009_002362,chair
2009_002362,pottedplant
2009_002366,tvmonitor
2009_002372,bottle
2009_002372,person
2009_002382,motorbike
2009_002382,person
2009_002387,car
2009_002390,sofa
2009_002409,chair
2009_002409,tvmonitor
2009_002415,chair
2009_002415,diningtable
2009_002416,horse
2009_002419,dog
2009_002422,cow
2009_002423,bird
2009_002425,person
2009_002445,dog
2009_002448,aeroplane
2009_002460,dog
2009_002472,cow
2009_002487,chair
2009_002487,diningtable
2009_002487,pottedplant
2009_002519,bicycle
2009_002521,bottle
2009_002527,cat
2009_002530,boat
2009_002535,bus
2009_002539,dog
2009_002543,boat
2009_002549,cow
2009_002562,tvmonitor
2009_002567,bottle
2009_002568,train
2009_002571,chair
2009_002571,diningtable
2009_002571,pottedplant
2009_002571,sofa
2009_002573,bottle
2009_002573,tvmonitor
2009_002584,person
2009_002584,pottedplant
2009_002586,dog
2009_002586,person
2009_002588,cow
2009_002588,person
2009_002591,boat
2009_002594,bottle
2009_002599,aeroplane
2009_002604,bird
2009_002613,chair
2009_002613,diningtable
2009_002618,car
2009_002626,bus
2009_002628,cat
2009_002628,pottedplant
2009_002635,cow
2009_002638,train
2009_002649,bottle
2009_002649,person
2009_002651,motorbike
2009_002651,person
2009_002662,boat
2009_002674,aeroplane
2009_002713,sofa
2009_002715,bicycle
2009_002715,person
2009_002727,boat
2009_002732,bottle
2009_002732,person
2009_002732,sofa
2009_002734,train
2009_002749,bottle
2009_002753,cat
2009_002763,motorbike
2009_002771,pottedplant
2009_002789,dog
2009_002808,aeroplane
2009_002820,bird
2009_002820,tvmonitor
2009_002844,chair
2009_002844,diningtable
2009_002845,dog
2009_002849,tvmonitor
2009_002856,bottle
2009_002862,car
2009_002872,tvmonitor
2009_002885,diningtable
2009_002885,person
2009_002887,train
2009_002888,aeroplane
2009_002897,boat
2009_002912,cow
2009_002914,aeroplane
2009_002917,cat
2009_002928,bicycle
2009_002928,pottedplant
2009_002932,chair
2009_002932,person
2009_002932,tvmonitor
2009_002936,cat
2009_002972,cat
2009_002972,sofa
2009_002975,horse
2009_002982,train
2009_002984,bottle
2009_002984,tvmonitor
2009_002988,sheep
2009_002990,car
2009_002993,motorbike
2009_002993,person
2009_003003,bottle
2009_003003,car
2009_003003,diningtable
2009_003003,person
2009_003005,aeroplane
2009_003006,diningtable
2009_003006,person
2009_003007,bicycle
2009_003012,motorbike
2009_003012,person
2009_003034,bottle
2009_003035,person
2009_003039,pottedplant
2009_003043,boat
2009_003043,person
2009_003053,bus
2009_003054,train
2009_003059,cow
2009_003063,dog
2009_003065,bicycle
2009_003065,person
2009_003071,chair
2009_003071,diningtable
2009_003071,person
2009_003075,bicycle
2009_003080,boat
2009_003087,person
2009_003087,sofa
2009_003088,bird
2009_003090,motorbike
2009_003090,person
2009_003105,train
2009_003123,chair
2009_003123,diningtable
2009_003123,sofa
2009_003142,bottle
2009_003146,cow
2009_003147,aeroplane
2009_003164,bicycle
2009_003172,dog
2009_003193,bicycle
2009_003196,motorbike
2009_003200,bus
2009_003217,dog
2009_003224,bicycle
2009_003241,dog
2009_003249,sheep
2009_003269,bottle
2009_003269,car
2009_003269,person
2009_003273,bird
2009_003299,train
2009_003304,bus
2009_003311,train
2009_003317,chair
2009_003317,diningtable
2009_003323,horse
2009_003323,person
2009_003340,person
2009_003343,bicycle
2009_003345,boat
2009_003353,bicycle
2009_003353,person
2009_003361,diningtable
2009_003361,person
2009_003369,dog
2009_003378,bird
2009_003387,car
2009_003387,tvmonitor
2009_003406,car
2009_003433,train
2009_003450,bird
2009_003455,cow
2009_003461,bus
2009_003466,dog
2009_003468,bottle
2009_003468,diningtable
2009_003468,person
2009_003481,horse
2009_003494,chair
2009_003494,person
2009_003497,train
2009_003498,bird
2009_003504,boat
2009_003507,chair
2009_003507,diningtable
2009_003507,pottedplant
2009_003517,bottle
2009_003519,bicycle
2009_003519,person
2009_003522,boat
2009_003522,motorbike
2009_003523,tvmonitor
2009_003539,motorbike
2009_003542,cow
2009_003549,car
2009_003551,tvmonitor
2009_003555,bus
2009_003564,pottedplant
2009_003564,sofa
2009_003569,cow
2009_003576,motorbike
2009_003576,person
2009_003589,car
2009_003607,sofa
2009_003613,sofa
2009_003636,bus
2009_003636,car
2009_003636,person
2009_003640,bird
2009_003646,bicycle
2009_003646,person
2009_003646,sofa
2009_003646,tvmonitor
2009_003660,cat
2009_003666,sheep
2009_003690,diningtable
2009_003690,person
2009_003696,aeroplane
2009_003697,cat
2009_003697,pottedplant
2009_003703,bus
2009_003707,boat
2009_003711,dog
2009_003711,sofa
2009_003734,horse
2009_003734,person
2009_003736,person
2009_003756,dog
2009_003757,bus
2009_003768,horse
2009_003768,person
2009_003771,cat
2009_003773,cow
2009_003783,cat
2009_003799,aeroplane
2009_003804,horse
2009_003806,aeroplane
2009_003810,dog
2009_003815,pottedplant
2009_003820,motorbike
2009_003825,cow
2009_003849,chair
2009_003849,diningtable
2009_003849,person
2009_003857,tvmonitor
2009_003858,bird
2009_003860,bicycle
2009_003865,bottle
2009_003895,chair
2009_003895,person
2009_003895,sofa
2009_003895,tvmonitor
2009_003903,horse
2009_003904,cat
2009_003921,cat
2009_003921,person
2009_003922,bird
2009_003928,dog
2009_003933,cow
2009_003938,train
2009_003961,chair
2009_003961,diningtable
2009_003961,pottedplant
2009_003971,bicycle
2009_003975,cow
2009_003991,chair
2009_003991,diningtable
2009_003991,person
2009_004021,bird
2009_004033,dog
2009_004043,motorbike
2009_004043,person
2009_004070,sheep
2009_004072,bus
2009_004072,person
2009_004084,bird
2009_004091,chair
2009_004091,sofa
2009_004095,dog
2009_004095,person
2009_004099,cat
2009_004099,sofa
2009_004105,horse
2009_004117,motorbike
2009_004125,boat
2009_004125,person
2009_004140,chair
2009_004140,diningtable
2009_004140,sofa
2009_004171,car
2009_004171,sheep
2009_004178,boat
2009_004180,chair
2009_004180,sofa
2009_004186,cow
2009_004191,pottedplant
2009_004212,person
2009_004213,person
2009_004213,train
2009_004217,chair
2009_004221,person
2009_004228,bottle
2009_004228,chair
2009_004228,diningtable
2009_004228,person
2009_004228,pottedplant
2009_004247,bottle
2009_004248,cat
2009_004249,car
2009_004249,motorbike
2009_004255,train
2009_004264,dog
2009_004264,pottedplant
2009_004264,sofa
2009_004278,boat
2009_004298,sofa
2009_004301,person
2009_004301,sofa
2009_004301,tvmonitor
2009_004316,cow
2009_004317,aeroplane
2009_004324,bottle
2009_004327,car
2009_004328,bus
2009_004334,bird
2009_004336,train
2009_004368,motorbike
2009_004368,person
2009_004374,bus
2009_004409,aeroplane
2009_004417,bus
2009_004425,dog
2009_004426,chair
2009_004426,diningtable
2009_004426,pottedplant
2009_004426,sofa
2009_004434,cat
2009_004446,aeroplane
2009_004446,person
2009_004455,car
2009_004455,motorbike
2009_004464,sofa
2009_004479,chair
2009_004479,dog
2009_004494,car
2009_004497,horse
2009_004504,cat
2009_004507,dog
2009_004507,person
2009_004509,bird
2009_004519,tvmonitor
2009_004539,boat
2009_004540,bird
2009_004561,bicycle
2009_004561,chair
2009_004568,bird
2009_004579,bottle
2009_004581,dog
2009_004590,bus
2009_004592,dog
2009_004594,car
2009_004620,aeroplane
2009_004626,aeroplane
2009_004635,boat
2009_004643,motorbike
2009_004643,person
2009_004653,aeroplane
2009_004656,bottle
2009_004661,bird
2009_004674,chair
2009_004674,person
2009_004674,sofa
2009_004687,chair
2009_004687,sofa
2009_004705,cat
2009_004721,cat
2009_004730,train
2009_004732,bus
2009_004738,motorbike
2009_004738,person
2009_004748,car
2009_004789,bus
2009_004790,horse
2009_004799,train
2009_004801,motorbike
2009_004801,person
2009_004805,sheep
2009_004829,bus
2009_004848,bicycle
2009_004848,person
2009_004859,chair
2009_004859,diningtable
2009_004859,person
2009_004867,bus
2009_004882,bicycle
2009_004886,bird
2009_004887,cat
2009_004888,boat
2009_004888,person
2009_004890,chair
2009_004890,diningtable
2009_004890,person
2009_004895,bird
2009_004901,chair
2009_004901,pottedplant
2009_004901,sofa
2009_004904,boat
2009_004919,person
2009_004919,pottedplant
2009_004939,chair
2009_004939,person
2009_004942,horse
2009_004969,aeroplane
2009_004980,aeroplane
2009_004987,motorbike
2009_004987,person
2009_004990,pottedplant
2009_004993,sofa
2009_004993,tvmonitor
2009_004994,dog
2009_004994,person
2009_005000,horse
2009_005016,chair
2009_005016,diningtable
2009_005016,person
2009_005031,aeroplane
2009_005037,cat
2009_005038,bottle
2009_005038,diningtable
2009_005038,person
2009_005038,pottedplant
2009_005055,dog
2009_005056,person
2009_005069,chair
2009_005069,diningtable
2009_005069,pottedplant
2009_005078,motorbike
2009_005078,person
2009_005084,train
2009_005085,car
2009_005085,person
2009_005087,bicycle
2009_005087,person
2009_005089,sheep
2009_005107,dog
2009_005118,boat
2009_005120,aeroplane
2009_005128,train
2009_005130,horse
2009_005137,bird
2009_005141,person
2009_005145,chair
2009_005145,diningtable
2009_005148,train
2009_005156,bicycle
2009_005158,cat
2009_005160,cat
2009_005177,cat
2009_005189,aeroplane
2009_005190,bottle
2009_005194,motorbike
2009_005217,horse
2009_005217,person
2009_005219,cat
2009_005220,train
2009_005231,bus
2009_005234,bird
2009_005236,cat
2009_005247,motorbike
2009_005247,person
2009_005260,bird
2009_005262,bird
2009_005269,horse
2009_005269,person
2009_005287,train
2009_005302,bottle
2010_000002,sheep
2010_000003,chair
2010_000003,dog
2010_000038,horse
2010_000038,person
2010_000043,car
2010_000043,cat
2010_000063,cow
2010_000065,bicycle
2010_000075,bird
2010_000076,car
2010_000076,motorbike
2010_000076,person
2010_000083,bicycle
2010_000083,bottle
2010_000083,person
2010_000084,boat
2010_000084,person
2010_000087,motorbike
2010_000087,person
2010_000110,dog
2010_000110,person
2010_000114,cat
2010_000117,sheep
2010_000131,bottle
2010_000131,person
2010_000132,pottedplant
2010_000148,bus
2010_000148,car
2010_000148,person
2010_000159,dog
2010_000160,car
2010_000163,cat
2010_000174,diningtable
2010_000174,person
2010_000187,bus
2010_000189,sheep
2010_000195,boat
2010_000216,dog
2010_000238,aeroplane
2010_000238,person
2010_000241,bird
2010_000256,bottle
2010_000256,person
2010_000256,sofa
2010_000269,cat
2010_000269,chair
2010_000269,diningtable
2010_000272,boat
2010_000284,pottedplant
2010_000284,sofa
2010_000285,aeroplane
2010_000309,sheep
2010_000318,tvmonitor
2010_000330,pottedplant
2010_000335,bird
2010_000342,bicycle
2010_000371,motorbike
2010_000371,person
2010_000372,car
2010_000392,aeroplane
2010_000404,cat
2010_000422,dog
2010_000426,bottle
2010_000427,cow
2010_000436,sheep
2010_000437,aeroplane
2010_000466,car
2010_000469,cat
2010_000492,bottle
2010_000492,chair
2010_000492,person
2010_000498,cow
2010_000502,bird
2010_000503,car
2010_000503,person
2010_000519,cat
2010_000530,car
2010_000530,person
2010_000552,cat
2010_000559,boat
2010_000559,person
2010_000567,pottedplant
2010_000572,aeroplane
2010_000573,bottle
2010_000573,bus
2010_000573,person
2010_000588,bottle
2010_000588,chair
2010_000588,sofa
2010_000622,aeroplane
2010_000628,car
2010_000632,bicycle
2010_000639,chair
2010_000639,dog
2010_000639,pottedplant
2010_000661,cat
2010_000666,horse
2010_000666,person
2010_000675,cat
2010_000679,boat
2010_000679,person
2010_000682,bus
2010_000682,car
2010_000682,person
2010_000683,cat
2010_000685,bicycle
2010_000724,cat
2010_000738,bottle
2010_000738,person
2010_000738,tvmonitor
2010_000746,dog
2010_000748,boat
2010_000748,person
2010_000764,train
2010_000772,person
2010_000787,chair
2010_000787,tvmonitor
2010_000788,dog
2010_000810,bird
2010_000814,bird
2010_000815,cat
2010_000836,bird
2010_000847,sheep
2010_000855,bus
2010_000855,person
2010_000874,horse
2010_000885,aeroplane
2010_000887,boat
2010_000904,dog
2010_000906,boat
2010_000907,cow
2010_000918,bird
2010_000929,motorbike
2010_000929,person
2010_000941,cat
2010_000952,car
2010_000961,bird
2010_000978,sheep
2010_000986,aeroplane
2010_001000,cow
2010_001010,cow
2010_001011,sheep
2010_001016,bird
2010_001017,aeroplane
2010_001024,aeroplane
2010_001024,person
2010_001036,boat
2010_001036,person
2010_001043,car
2010_001061,bird
2010_001069,bird
2010_001070,cat
2010_001079,sheep
2010_001104,train
2010_001120,bird
2010_001120,person
2010_001124,dog
2010_001131,bottle
2010_001131,diningtable
2010_001131,person
2010_001149,cat
2010_001149,sofa
2010_001151,person
2010_001151,train
2010_001154,dog
2010_001160,sheep
2010_001174,aeroplane
2010_001177,cat
2010_001183,bicycle
2010_001184,horse
2010_001184,person
2010_001195,cat
2010_001206,bicycle
2010_001206,bus
2010_001206,person
2010_001245,person
2010_001245,sheep
2010_001246,bicycle
2010_001246,car
2010_001246,person
2010_001246,pottedplant
2010_001247,cat
2010_001251,motorbike
2010_001256,sheep
2010_001261,chair
2010_001261,diningtable
2010_001264,dog
2010_001273,dog
2010_001279,dog
2010_001282,dog
2010_001292,cat
2010_001313,motorbike
2010_001313,person
2010_001327,sofa
2010_001329,horse
2010_001329,person
2010_001331,cat
2010_001347,cat
2010_001351,cat
2010_001367,bicycle
2010_001367,bottle
2010_001367,person
2010_001367,tvmonitor
2010_001374,train
2010_001376,dog
2010_001386,cat
2010_001399,dog
2010_001399,person
2010_001403,bus
2010_001403,car
2010_001413,aeroplane
2010_001413,car
2010_001413,person
2010_001418,bottle
2010_001418,cat
2010_001418,person
2010_001422,dog
2010_001422,person
2010_001448,aeroplane
2010_001451,horse
2010_001457,cat
2010_001514,bicycle
2010_001514,chair
2010_001514,sofa
2010_001515,train
2010_001522,sheep
2010_001534,cat
2010_001553,car
2010_001553,motorbike
2010_001557,sheep
2010_001561,car
2010_001562,tvmonitor
2010_001563,dog
2010_001563,person
2010_001576,diningtable
2010_001576,person
2010_001577,sheep
2010_001579,chair
2010_001579,diningtable
2010_001579,person
2010_001590,cat
2010_001595,horse
2010_001618,sheep
2010_001619,person
2010_001630,bus
2010_001646,bus
2010_001656,cat
2010_001660,cat
2010_001676,horse
2010_001692,cow
2010_001692,person
2010_001699,chair
2010_001699,person
2010_001699,pottedplant
2010_001706,dog
2010_001732,bus
2010_001732,car
2010_001734,car
2010_001734,person
2010_001734,train
2010_001748,person
2010_001748,train
2010_001752,tvmonitor
2010_001767,car
2010_001767,person
2010_001767,sofa
2010_001768,dog
2010_001768,person
2010_001773,pottedplant
2010_001807,boat
2010_001807,cow
2010_001807,person
2010_001820,bird
2010_001830,bottle
2010_001842,cat
2010_001849,chair
2010_001850,car
2010_001850,dog
2010_001850,person
2010_001851,bottle
2010_001851,chair
2010_001851,diningtable
2010_001851,pottedplant
2010_001852,horse
2010_001860,tvmonitor
2010_001908,dog
2010_001908,person
2010_001913,cat
2010_001922,bicycle
2010_001923,motorbike
2010_001923,person
2010_001933,dog
2010_001933,sofa
2010_001939,cat
2010_001939,diningtable
2010_001939,tvmonitor
2010_001944,dog
2010_001951,person
2010_001951,train
2010_001956,dog
2010_001962,sofa
2010_001966,car
2010_001966,person
2010_001995,bird
2010_002017,bottle
2010_002017,car
2010_002017,chair
2010_002017,person
2010_002018,cow
2010_002018,person
2010_002020,dog
2010_002025,cat
2010_002030,bicycle
2010_002032,chair
2010_002032,diningtable
2010_002039,car
2010_002039,person
2010_002039,sheep
2010_002047,cow
2010_002054,sheep
2010_002055,bicycle
2010_002055,bottle
2010_002055,person
2010_002055,pottedplant
2010_002070,chair
2010_002070,diningtable
2010_002070,person
2010_002097,tvmonitor
2010_002106,sheep
2010_002107,car
2010_002107,person
2010_002137,cat
2010_002137,person
2010_002137,pottedplant
2010_002137,sofa
2010_002139,cow
2010_002139,person
2010_002142,bird
2010_002146,cat
2010_002147,aeroplane
2010_002150,boat
2010_002154,person
2010_002161,horse
2010_002161,person
2010_002166,chair
2010_002166,person
2010_002200,aeroplane
2010_002200,bus
2010_002200,car
2010_002203,bus
2010_002218,bus
2010_002228,dog
2010_002232,sheep
2010_002236,car
2010_002251,motorbike
2010_002251,person
2010_002254,cow
2010_002271,motorbike
2010_002286,cat
2010_002305,cat
2010_002310,aeroplane
2010_002336,chair
2010_002336,diningtable
2010_002336,pottedplant
2010_002338,dog
2010_002348,cat
2010_002361,car
2010_002363,car
2010_002363,person
2010_002379,pottedplant
2010_002382,dog
2010_002387,car
2010_002390,cow
2010_002396,motorbike
2010_002396,person
2010_002413,bus
2010_002418,chair
2010_002418,diningtable
2010_002422,cat
2010_002440,bottle
2010_002440,person
2010_002450,bird
2010_002455,bottle
2010_002457,bottle
2010_002457,car
2010_002457,person
2010_002480,dog
2010_002499,dog
2010_002512,cat
2010_002512,chair
2010_002527,dog
2010_002527,sofa
2010_002531,cat
2010_002531,sofa
2010_002532,aeroplane
2010_002536,bicycle
2010_002538,chair
2010_002546,boat
2010_002546,bus
2010_002546,car
2010_002546,person
2010_002551,dog
2010_002556,train
2010_002570,dog
2010_002570,person
2010_002573,cat
2010_002623,chair
2010_002623,person
2010_002625,cat
2010_002625,person
2010_002659,dog
2010_002659,sofa
2010_002682,person
2010_002682,train
2010_002691,horse
2010_002693,bicycle
2010_002693,cat
2010_002693,chair
2010_002697,train
2010_002701,cow
2010_002720,bicycle
2010_002720,person
2010_002733,pottedplant
2010_002750,sheep
2010_002763,cat
2010_002763,cow
2010_002763,person
2010_002778,cat
2010_002786,dog
2010_002792,bicycle
2010_002792,person
2010_002794,dog
2010_002811,cat
2010_002811,chair
2010_002811,diningtable
2010_002811,sofa
2010_002815,chair
2010_002838,train
2010_002856,dog
2010_002868,bus
2010_002870,chair
2010_002892,aeroplane
2010_002900,cat
2010_002902,car
2010_002902,person
2010_002907,dog
2010_002921,chair
2010_002921,tvmonitor
2010_002929,car
2010_002929,person
2010_002935,bird
2010_002937,train
2010_002938,dog
2010_002939,aeroplane
2010_002962,person
2010_002962,sofa
2010_002973,cat
2010_002988,car
2010_003010,dog
2010_003010,person
2010_003014,person
2010_003014,sofa
2010_003017,bottle
2010_003017,chair
2010_003017,person
2010_003017,pottedplant
2010_003060,dog
2010_003062,bicycle
2010_003062,person
2010_003088,aeroplane
2010_003093,bicycle
2010_003093,bottle
2010_003093,person
2010_003097,bird
2010_003114,dog
2010_003114,sofa
2010_003119,bird
2010_003123,bicycle
2010_003123,car
2010_003123,pottedplant
2010_003127,aeroplane
2010_003132,aeroplane
2010_003153,sheep
2010_003157,chair
2010_003157,diningtable
2010_003168,bird
2010_003170,chair
2010_003174,cat
2010_003174,sofa
2010_003183,cow
2010_003187,dog
2010_003203,boat
2010_003203,chair
2010_003203,pottedplant
2010_003203,sofa
2010_003207,motorbike
2010_003230,cat
2010_003231,car
2010_003239,cow
2010_003239,person
2010_003250,person
2010_003252,sheep
2010_003269,dog
2010_003274,train
2010_003275,cat
2010_003276,car
2010_003293,bicycle
2010_003293,bus
2010_003293,car
2010_003293,person
2010_003302,chair
2010_003302,pottedplant
2010_003325,chair
2010_003325,diningtable
2010_003325,person
2010_003342,dog
2010_003345,cow
2010_003362,bird
2010_003365,aeroplane
2010_003380,horse
2010_003381,car
2010_003381,person
2010_003383,cow
2010_003384,train
2010_003402,cat
2010_003409,chair
2010_003409,person
2010_003418,bird
2010_003446,bicycle
2010_003446,car
2010_003446,person
2010_003453,car
2010_003468,bottle
2010_003468,cat
2010_003473,bird
2010_003495,aeroplane
2010_003506,dog
2010_003514,train
2010_003529,motorbike
2010_003531,chair
2010_003531,diningtable
2010_003532,horse
2010_003534,bus
2010_003541,sheep
2010_003547,boat
2010_003597,bottle
2010_003597,diningtable
2010_003597,person
2010_003597,pottedplant
2010_003597,sofa
2010_003599,boat
2010_003599,person
2010_003634,chair
2010_003651,pottedplant
2010_003665,cat
2010_003665,chair
2010_003670,dog
2010_003670,person
2010_003670,sheep
2010_003675,cat
2010_003680,aeroplane
2010_003696,cat
2010_003708,train
2010_003716,aeroplane
2010_003717,bottle
2010_003717,sofa
2010_003737,aeroplane
2010_003746,car
2010_003746,dog
2010_003746,person
2010_003758,cat
2010_003764,cat
2010_003768,car
2010_003771,bird
2010_003772,bus
2010_003781,bottle
2010_003781,cat
2010_003781,pottedplant
2010_003798,aeroplane
2010_003799,bicycle
2010_003813,car
2010_003820,bird
2010_003854,car
2010_003854,person
2010_003884,dog
2010_003884,person
2010_003887,cat
2010_003894,chair
2010_003894,dog
2010_003894,person
2010_003899,boat
2010_003911,boat
2010_003912,bicycle
2010_003912,bottle
2010_003915,aeroplane
2010_003925,cat
2010_003925,chair
2010_003947,motorbike
2010_003950,cat
2010_003954,sheep
2010_003956,train
2010_003958,dog
2010_003971,cat
2010_003971,chair
2010_003971,diningtable
2010_003974,cat
2010_004005,car
2010_004025,person
2010_004025,sofa
2010_004041,boat
2010_004042,motorbike
2010_004056,bottle
2010_004060,cat
2010_004063,aeroplane
2010_004069,bicycle
2010_004069,person
2010_004071,bird
2010_004072,bicycle
2010_004072,pottedplant
2010_004074,sheep
2010_004104,cat
2010_004109,bottle
2010_004109,person
2010_004109,sofa
2010_004109,tvmonitor
2010_004119,motorbike
2010_004120,cat
2010_004144,cat
2010_004149,train
2010_004154,bicycle
2010_004165,dog
2010_004165,person
2010_004171,cat
2010_004180,bus
2010_004180,person
2010_004186,car
2010_004186,person
2010_004208,boat
2010_004208,person
2010_004210,cow
2010_004210,person
2010_004219,motorbike
2010_004219,person
2010_004222,chair
2010_004222,person
2010_004226,sheep
2010_004258,car
2010_004283,cow
2010_004288,bottle
2010_004289,motorbike
2010_004289,person
2010_004306,cat
2010_004306,chair
2010_004306,tvmonitor
2010_004314,aeroplane
2010_004314,person
2010_004320,cat
2010_004322,cow
2010_004337,car
2010_004337,motorbike
2010_004337,person
2010_004348,bird
2010_004348,bus
2010_004355,motorbike
2010_004361,chair
2010_004361,diningtable
2010_004361,person
2010_004363,chair
2010_004363,horse
2010_004365,cat
2010_004369,cat
2010_004370,dog
2010_004370,person
2010_004382,pottedplant
2010_004419,aeroplane
2010_004429,bottle
2010_004429,chair
2010_004429,tvmonitor
2010_004432,person
2010_004450,dog
2010_004472,car
2010_004472,person
2010_004478,train
2010_004479,cat
2010_004479,person
2010_004479,tvmonitor
2010_004481,person
2010_004481,sofa
2010_004493,boat
2010_004493,dog
2010_004499,person
2010_004499,sheep
2010_004519,horse
2010_004520,bottle
2010_004529,bottle
2010_004540,cat
2010_004543,chair
2010_004550,dog
2010_004551,bottle
2010_004556,bird
2010_004559,bird
2010_004559,person
2010_004560,person
2010_004560,sheep
2010_004577,car
2010_004577,chair
2010_004577,person
2010_004598,cow
2010_004616,bus
2010_004620,dog
2010_004625,bus
2010_004625,car
2010_004625,person
2010_004628,dog
2010_004635,cow
2010_004662,boat
2010_004669,train
2010_004683,dog
2010_004683,pottedplant
2010_004694,sheep
2010_004697,motorbike
2010_004697,person
2010_004704,person
2010_004704,sheep
2010_004721,aeroplane
2010_004757,pottedplant
2010_004757,sofa
2010_004760,cat
2010_004760,dog
2010_004763,chair
2010_004766,motorbike
2010_004772,boat
2010_004773,boat
2010_004773,person
2010_004783,chair
2010_004783,sofa
2010_004789,cow
2010_004795,dog
2010_004805,chair
2010_004805,sofa
2010_004805,tvmonitor
2010_004808,cat
2010_004815,cat
2010_004815,person
2010_004825,chair
2010_004825,diningtable
2010_004825,pottedplant
2010_004828,bottle
2010_004828,person
2010_004856,horse
2010_004857,tvmonitor
2010_004861,cat
2010_004900,dog
2010_004916,dog
2010_004933,cat
2010_004933,pottedplant
2010_004938,aeroplane
2010_004941,motorbike
2010_004946,car
2010_004948,bird
2010_004951,person
2010_004951,train
2010_004960,bird
2010_004963,cat
2010_004980,train
2010_004994,bird
2010_005013,car
2010_005013,person
2010_005016,bird
2010_005021,cat
2010_005021,chair
2010_005028,bird
2010_005046,diningtable
2010_005046,person
2010_005055,train
2010_005063,bus
2010_005064,dog
2010_005098,sheep
2010_005106,aeroplane
2010_005106,person
2010_005108,cat
2010_005111,bicycle
2010_005111,bottle
2010_005111,person
2010_005118,bus
2010_005118,person
2010_005119,car
2010_005128,cat
2010_005129,bird
2010_005159,dog
2010_005160,bus
2010_005160,motorbike
2010_005160,sheep
2010_005166,cow
2010_005166,person
2010_005174,horse
2010_005180,sofa
2010_005180,tvmonitor
2010_005187,pottedplant
2010_005198,boat
2010_005202,cat
2010_005206,dog
2010_005217,bird
2010_005223,cow
2010_005232,cat
2010_005245,dog
2010_005245,person
2010_005252,boat
2010_005252,motorbike
2010_005252,person
2010_005277,bus
2010_005277,person
2010_005284,bus
2010_005284,car
2010_005284,person
2010_005305,pottedplant
2010_005305,tvmonitor
2010_005317,cat
2010_005318,car
2010_005318,chair
2010_005318,person
2010_005344,cat
2010_005353,bird
2010_005366,motorbike
2010_005401,boat
2010_005419,bottle
2010_005419,dog
2010_005419,person
2010_005421,cat
2010_005428,bird
2010_005429,motorbike
2010_005432,car
2010_005433,motorbike
2010_005450,tvmonitor
2010_005457,bus
2010_005457,car
2010_005468,cow
2010_005471,horse
2010_005471,person
2010_005494,motorbike
2010_005494,person
2010_005496,bottle
2010_005500,dog
2010_005500,person
2010_005501,car
2010_005501,motorbike
2010_005505,cat
2010_005506,train
2010_005508,cat
2010_005513,cat
2010_005519,sheep
2010_005522,dog
2010_005531,bird
2010_005534,aeroplane
2010_005575,dog
2010_005582,bottle
2010_005582,person
2010_005596,bus
2010_005596,person
2010_005606,cat
2010_005606,person
2010_005606,sofa
2010_005626,chair
2010_005626,diningtable
2010_005626,person
2010_005627,cat
2010_005643,train
2010_005644,dog
2010_005652,cat
2010_005663,bottle
2010_005663,car
2010_005664,bicycle
2010_005669,dog
2010_005678,tvmonitor
2010_005700,car
2010_005700,person
2010_005705,boat
2010_005706,train
2010_005709,cat
2010_005709,person
2010_005718,aeroplane
2010_005718,car
2010_005719,sheep
2010_005721,motorbike
2010_005723,person
2010_005725,bird
2010_005727,train
2010_005734,sofa
2010_005744,tvmonitor
2010_005746,chair
2010_005755,chair
2010_005755,diningtable
2010_005758,chair
2010_005758,person
2010_005758,pottedplant
2010_005762,bottle
2010_005775,chair
2010_005775,dog
2010_005788,sheep
2010_005791,cat
2010_005796,cat
2010_005796,dog
2010_005800,chair
2010_005805,cat
2010_005805,tvmonitor
2010_005810,bicycle
2010_005810,person
2010_005810,train
2010_005820,sheep
2010_005830,chair
2010_005830,person
2010_005830,pottedplant
2010_005830,sofa
2010_005835,chair
2010_005835,person
2010_005836,car
2010_005836,motorbike
2010_005860,bicycle
2010_005860,car
2010_005860,pottedplant
2010_005871,person
2010_005871,train
2010_005876,motorbike
2010_005876,person
2010_005876,pottedplant
2010_005877,aeroplane
2010_005888,aeroplane
2010_005891,car
2010_005898,dog
2010_005898,person
2010_005898,sofa
2010_005899,cat
2010_005919,horse
2010_005922,cow
2010_005927,boat
2010_005932,pottedplant
2010_005951,car
2010_005952,bottle
2010_005978,aeroplane
2010_005982,chair
2010_005982,dog
2010_005991,dog
2010_005991,person
2010_005991,sofa
2010_005992,dog
2010_006009,car
2010_006009,dog
2010_006026,sheep
2010_006034,aeroplane
2010_006054,train
2010_006070,bicycle
2010_006070,car
2011_000003,bottle
2011_000003,person
2011_000006,chair
2011_000006,person
2011_000006,sofa
2011_000025,bus
2011_000025,car
2011_000027,bottle
2011_000045,dog
2011_000051,person
2011_000054,person
2011_000066,bottle
2011_000068,bird
2011_000069,cow
2011_000069,person
2011_000070,sofa
2011_000105,train
2011_000108,cat
2011_000108,chair
2011_000112,bird
2011_000116,aeroplane
2011_000122,dog
2011_000122,sofa
2011_000145,pottedplant
2011_000149,bird
2011_000152,chair
2011_000173,sofa
2011_000178,bus
2011_000178,person
2011_000178,pottedplant
2011_000182,person
2011_000182,sofa
2011_000185,bird
2011_000197,train
2011_000208,bus
2011_000208,person
2011_000216,dog
2011_000219,bird
2011_000219,cow
2011_000221,person
2011_000221,train
2011_000222,bird
2011_000226,chair
2011_000226,diningtable
2011_000228,cow
2011_000234,boat
2011_000234,person
2011_000238,boat
2011_000239,bus
2011_000239,car
2011_000243,aeroplane
2011_000248,bus
2011_000248,car
2011_000248,person
2011_000252,car
2011_000252,person
2011_000258,bus
2011_000258,car
2011_000258,person
2011_000268,bird
2011_000277,person
2011_000277,train
2011_000278,boat
2011_000278,car
2011_000278,person
2011_000283,train
2011_000291,train
2011_000293,car
2011_000310,sofa
2011_000312,bus
2011_000338,chair
2011_000338,diningtable
2011_000345,cat
2011_000359,aeroplane
2011_000379,cat
2011_000379,sofa
2011_000382,bottle
2011_000382,chair
2011_000382,tvmonitor
2011_000396,horse
2011_000400,tvmonitor
2011_000412,bicycle
2011_000419,cat
2011_000428,dog
2011_000435,boat
2011_000435,person
2011_000436,sheep
2011_000438,bottle
2011_000438,person
2011_000449,dog
2011_000453,bicycle
2011_000453,bottle
2011_000453,person
2011_000455,motorbike
2011_000455,person
2011_000456,bird
2011_000457,sofa
2011_000468,pottedplant
2011_000469,cat
2011_000479,person
2011_000481,aeroplane
2011_000482,bird
2011_000503,car
2011_000503,person
2011_000512,motorbike
2011_000513,train
2011_000521,train
2011_000526,horse
2011_000536,dog
2011_000542,dog
2011_000548,bird
2011_000548,cow
2011_000550,sofa
2011_000551,bus
2011_000556,boat
2011_000566,cow
2011_000566,person
2011_000573,chair
2011_000573,diningtable
2011_000577,dog
2011_000577,person
2011_000585,bicycle
2011_000585,person
2011_000589,bicycle
2011_000589,person
2011_000594,horse
2011_000594,person
2011_000598,diningtable
2011_000607,chair
2011_000607,tvmonitor
2011_000618,motorbike
2011_000618,person
2011_000637,motorbike
2011_000637,person
2011_000638,person
2011_000641,sheep
2011_000642,person
2011_000646,person
2011_000646,sofa
2011_000651,motorbike
2011_000652,motorbike
2011_000658,car
2011_000661,cat
2011_000661,chair
2011_000669,bird
2011_000713,bottle
2011_000713,person
2011_000747,bottle
2011_000747,pottedplant
2011_000758,cat
2011_000768,person
2011_000771,horse
2011_000780,cat
2011_000780,person
2011_000789,cat
2011_000790,aeroplane
2011_000793,aeroplane
2011_000807,aeroplane
2011_000809,chair
2011_000809,diningtable
2011_000809,person
2011_000813,cat
2011_000813,chair
2011_000830,bus
2011_000834,bird
2011_000834,person
2011_000834,sheep
2011_000840,horse
2011_000843,bottle
2011_000843,chair
2011_000843,person
2011_000874,aeroplane
2011_000874,person
2011_000882,aeroplane
2011_000882,person
2011_000888,bus
2011_000888,person
2011_000893,horse
2011_000895,train
2011_000900,car
2011_000912,bird
2011_000920,bottle
2011_000934,person
2011_000934,pottedplant
2011_000944,train
2011_000953,bottle
2011_000953,diningtable
2011_000953,person
2011_000969,bus
2011_000973,cat
2011_000982,horse
2011_000997,person
2011_000997,train
2011_000999,cat
2011_001004,car
2011_001005,pottedplant
2011_001005,sofa
2011_001014,dog
2011_001015,bus
2011_001015,person
2011_001020,sheep
2011_001027,chair
2011_001027,person
2011_001027,sofa
2011_001047,cow
2011_001060,person
2011_001060,train
2011_001064,bus
2011_001069,diningtable
2011_001069,person
2011_001071,chair
2011_001071,person
2011_001082,train
2011_001110,bus
2011_001110,car
2011_001114,aeroplane
2011_001133,aeroplane
2011_001135,cat
2011_001135,chair
2011_001139,bird
2011_001139,chair
2011_001139,diningtable
2011_001159,cow
2011_001159,person
2011_001161,boat
2011_001161,person
2011_001166,train
2011_001175,chair
2011_001175,pottedplant
2011_001175,sofa
2011_001190,car
2011_001198,dog
2011_001198,sofa
2011_001211,bird
2011_001232,cow
2011_001259,bird
2011_001263,aeroplane
2011_001270,bus
2011_001270,car
2011_001276,chair
2011_001276,diningtable
2011_001276,dog
2011_001276,person
2011_001281,train
2011_001287,bird
2011_001292,cat
2011_001313,car
2011_001336,diningtable
2011_001336,person
2011_001341,bus
2011_001346,chair
2011_001346,person
2011_001350,sheep
2011_001400,person
2011_001402,chair
2011_001402,sofa
2011_001407,aeroplane
2011_001411,bus
2011_001412,chair
2011_001412,diningtable
2011_001412,pottedplant
2011_001412,sofa
2011_001416,person
2011_001421,bird
2011_001432,bird
2011_001434,aeroplane
2011_001447,chair
2011_001447,person
2011_001463,bird
2011_001475,person
2011_001479,bus
2011_001489,aeroplane
2011_001519,bus
2011_001519,person
2011_001529,bicycle
2011_001529,person
2011_001530,cow
2011_001530,person
2011_001534,cat
2011_001536,bus
2011_001536,person
2011_001542,car
2011_001546,cow
2011_001567,chair
2011_001567,person
2011_001567,sofa
2011_001571,bottle
2011_001571,chair
2011_001571,diningtable
2011_001571,person
2011_001589,boat
2011_001597,cat
2011_001601,cat
2011_001601,sofa
2011_001607,cat
2011_001613,boat
2011_001613,person
2011_001614,train
2011_001619,person
2011_001621,chair
2011_001621,person
2011_001621,tvmonitor
2011_001622,pottedplant
2011_001624,aeroplane
2011_001632,bicycle
2011_001632,car
2011_001632,person
2011_001642,dog
2011_001652,bird
2011_001653,cow
2011_001665,chair
2011_001665,diningtable
2011_001669,car
2011_001674,person
2011_001674,sofa
2011_001695,car
2011_001708,cow
2011_001710,boat
2011_001710,person
2011_001713,pottedplant
2011_001713,sofa
2011_001714,dog
2011_001714,person
2011_001722,horse
2011_001726,pottedplant
2011_001726,tvmonitor
2011_001730,person
2011_001730,tvmonitor
2011_001745,dog
2011_001748,bus
2011_001753,aeroplane
2011_001754,cat
2011_001764,bird
2011_001765,motorbike
2011_001765,person
2011_001775,cat
2011_001782,cow
2011_001790,person
2011_001793,boat
2011_001794,person
2011_001794,sofa
2011_001810,sheep
2011_001812,chair
2011_001855,dog
2011_001862,chair
2011_001862,diningtable
2011_001862,dog
2011_001862,pottedplant
2011_001862,sofa
2011_001863,pottedplant
2011_001866,bird
2011_001868,dog
2011_001875,aeroplane
2011_001880,aeroplane
2011_001895,person
2011_001895,sofa
2011_001902,bird
2011_001904,person
2011_001904,train
2011_001910,tvmonitor
2011_001922,person
2011_001922,sofa
2011_001924,bird
2011_001928,person
2011_001928,pottedplant
2011_001928,tvmonitor
2011_001959,bird
2011_001967,bird
2011_001972,chair
2011_001974,sofa
2011_001984,dog
2011_001988,bicycle
2011_001988,car
2011_001988,person
2011_001991,boat
2011_002002,bicycle
2011_002002,car
2011_002002,person
2011_002027,sheep
2011_002040,dog
2011_002041,chair
2011_002050,boat
2011_002064,bicycle
2011_002064,car
2011_002075,diningtable
2011_002075,person
2011_002098,bottle
2011_002098,dog
2011_002107,motorbike
2011_002110,dog
2011_002110,person
2011_002111,bicycle
2011_002111,bottle
2011_002111,car
2011_002111,person
2011_002114,aeroplane
2011_002119,sheep
2011_002121,dog
2011_002124,chair
2011_002124,person
2011_002124,sofa
2011_002134,cow
2011_002135,bicycle
2011_002135,bottle
2011_002135,car
2011_002135,person
2011_002149,person
2011_002150,bicycle
2011_002156,dog
2011_002156,tvmonitor
2011_002178,sheep
2011_002200,chair
2011_002200,diningtable
2011_002200,person
2011_002222,aeroplane
2011_002223,bicycle
2011_002224,car
2011_002227,bus
2011_002227,person
2011_002244,bicycle
2011_002244,person
2011_002246,bird
2011_002247,person
2011_002247,train
2011_002279,dog
2011_002291,person
2011_002291,sofa
2011_002295,bird
2011_002298,chair
2011_002298,dog
2011_002300,dog
2011_002303,car
2011_002303,person
2011_002308,person
2011_002317,person
2011_002322,car
2011_002322,motorbike
2011_002322,person
2011_002327,aeroplane
2011_002327,person
2011_002335,chair
2011_002335,person
2011_002335,sofa
2011_002341,horse
2011_002341,person
2011_002343,chair
2011_002343,person
2011_002350,pottedplant
2011_002358,bottle
2011_002358,chair
2011_002358,diningtable
2011_002358,person
2011_002371,dog
2011_002379,train
2011_002381,bird
2011_002385,train
2011_002389,cat
2011_002391,chair
2011_002391,pottedplant
2011_002391,sofa
2011_002398,dog
2011_002410,car
2011_002447,sheep
2011_002457,bus
2011_002464,bird
2011_002464,sheep
2011_002488,bottle
2011_002488,chair
2011_002488,diningtable
2011_002488,person
2011_002498,bottle
2011_002498,person
2011_002503,bird
2011_002504,aeroplane
2011_002509,chair
2011_002509,person
2011_002509,tvmonitor
2011_002511,person
2011_002511,tvmonitor
2011_002515,aeroplane
2011_002515,person
2011_002528,train
2011_002532,person
2011_002532,tvmonitor
2011_002535,train
2011_002548,bird
2011_002553,bottle
2011_002553,person
2011_002553,sheep
2011_002559,bottle
2011_002561,person
2011_002561,sofa
2011_002575,bottle
2011_002575,chair
2011_002575,person
2011_002578,bird
2011_002578,boat
2011_002578,person
2011_002585,bicycle
2011_002585,car
2011_002585,person
2011_002589,dog
2011_002590,bottle
2011_002590,person
2011_002592,car
2011_002592,person
2011_002623,person
2011_002641,bottle
2011_002641,chair
2011_002641,person
2011_002644,chair
2011_002644,sofa
2011_002644,tvmonitor
2011_002652,bird
2011_002656,bicycle
2011_002656,tvmonitor
2011_002662,sheep
2011_002675,aeroplane
2011_002675,person
2011_002685,cat
2011_002709,chair
2011_002709,person
2011_002713,bicycle
2011_002715,bird
2011_002717,dog
2011_002730,horse
2011_002730,person
2011_002752,sofa
2011_002754,boat
2011_002767,bird
2011_002770,person
2011_002812,car
2011_002812,pottedplant
2011_002834,person
2011_002834,sofa
2011_002851,aeroplane
2011_002863,bottle
2011_002872,boat
2011_002872,person
2011_002873,cow
2011_002879,sofa
2011_002879,tvmonitor
2011_002885,cow
2011_002920,bottle
2011_002920,diningtable
2011_002920,person
2011_002929,aeroplane
2011_002932,bus
2011_002932,person
2011_002932,train
2011_002935,person
2011_002947,chair
2011_002947,person
2011_002951,horse
2011_002953,chair
2011_002953,sofa
2011_002956,bus
2011_002956,car
2011_002956,person
2011_002975,boat
2011_002993,aeroplane
2011_002997,person
2011_003003,bicycle
2011_003011,chair
2011_003019,car
2011_003019,cow
2011_003019,motorbike
2011_003019,person
2011_003025,boat
2011_003030,bird
2011_003038,bottle
2011_003038,person
2011_003038,pottedplant
2011_003038,sofa
2011_003055,car
2011_003057,motorbike
2011_003066,bottle
2011_003066,chair
2011_003066,diningtable
2011_003066,person
2011_003078,motorbike
2011_003078,person
2011_003085,horse
2011_003085,person
2011_003103,chair
2011_003103,pottedplant
2011_003103,sofa
2011_003114,bus
2011_003114,car
2011_003114,person
2011_003121,car
2011_003141,person
2011_003145,bird
2011_003146,train
2011_003151,dog
2011_003182,sofa
2011_003184,horse
2011_003197,train
2011_003205,pottedplant
2011_003216,cat
2011_003238,person
2011_003240,bottle
2011_003240,person
2011_003246,person
2011_003246,tvmonitor
2011_003255,person
2011_003256,dog
2011_003256,sofa
2011_003271,bottle
